{"objectId":"LinechartTestHH7ozt5ar8ny","ip":"192.168.0.5","version":"0.3.1.1","rotation":0,"x":362.3069050755512,"y":1.239523058919076,"scale":1.260786861108611,"visible":false,"visibleText":false,"visibleEditing":false,"developer":true,"matrix3dMemory":[0,0,0,0,0,0,0,0,0,0,0,0,0,0,0,0],"objectLinks":{},"objectValues":{"ledLinechartTestHH7ozt5ar8ny":{"name":"led","value":null,"mode":"f","rotation":0,"x":-57,"y":45,"scale":1,"plugin":"default","pluginParameter":null,"index":0,"type":"arduinoYun","frameSizeX":47,"frameSizeY":47},"sensorLinechartTestHH7ozt5ar8ny":{"name":"sensor","value":0.4532,"mode":"f","rotation":0,"x":-63,"y":-12,"scale":1,"plugin":"default","pluginParameter":null,"index":1,"type":"arduinoYun","frameSizeX":47,"frameSizeY":47}},"folder":"LinechartTest"}